{
  "$schema": "../../../node_modules/@microsoft/sp-module-interfaces/lib/manifestSchemas/jsonSchemas/clientSideComponentManifestSchema.json",

  "id": "c8312ab3-1f09-4c6d-addf-2a0e7c605a94",
  "alias": "ReactGetItemsWebPart",
  "componentType": "WebPart",
  "version": "0.0.1",
  "manifestVersion": 2,

  "preconfiguredEntries": [{
    "groupId": "c8312ab3-1f09-4c6d-addf-2a0e7c605a94",
    "group": { "default": "Under Development" },
    "title": { "default": "ReactGetItems" },
    "description": { "default": "Get List items using REACT SPFx and REST API" },
    "officeFabricIconFontName": "Page",
    "properties": {
      "description": "ReactGetItems"
    }
  }]
}
